{
"format_version": "1.10.0",
"minecraft:entity": {
"description": {
"identifier": "abyss:zombie",
"is_spawnable": true,
"is_summonable": true,
"is_experimental": false
},
"component_groups": {
"minecraft:zombie_baby": {
"minecraft:experience_reward": {
"on_death": "query.last_hit_by_player ? 12 + (query.equipment_count * Math.Random(1,3)) : 0"
},
"minecraft:is_baby": {},
"minecraft:scale": {
"value": 0.5
},
"minecraft:movement": {
"value": 0.35
}
},
"minecraft:zombie_adult": {
"minecraft:experience_reward": {
"on_death": "query.last_hit_by_player ? 5 + (query.equipment_count * Math.Random(1,3)) : 0"
},
"minecraft:movement": {
"value": 0.23
},
"minecraft:behavior.mount_pathing": {
"priority": 2,
"speed_multiplier": 1.25,
"target_dist": 0.0,
"track_target": true
}
}
},
"components": {
"minecraft:nameable": {},
"minecraft:type_family": {
"family": [ "zombie", "undead", "monster", "mob" ]
},
"minecraft:collision_box": {
"width": 0.6,
"height": 1.9
},
"minecraft:burns_in_daylight": {},
"minecraft:movement.basic": {},
"minecraft:navigation.walk": {
"is_amphibious": true,
"can_pass_doors": true,
"can_walk": true,
"can_break_doors": true
},
"minecraft:annotation.break_door": {},
"minecraft:jump.static": {},
"minecraft:can_climb": {},
"minecraft:health": {
"value": 25,
"max": 25
},
"minecraft:hurt_on_condition": {
"damage_conditions": [
{
"filters": { "test": "in_lava", "subject": "self", "operator": "==", "value": true },
"cause": "lava",
"damage_per_tick": 4
}
]
},
"minecraft:breathable": {
"total_supply": 15,
"suffocate_time": 0,
"breathes_air": true,
"breathes_water": true
},
"minecraft:attack": {
"damage": 3
},
"minecraft:loot": {
"table": "loot_tables/entities/abyss_zombies.json"
},
"minecraft:behavior.melee_attack": {
"priority": 3
},
"minecraft:behavior.random_stroll": {
"priority": 7,
"speed_multiplier": 0.45
},
"minecraft:behavior.look_at_player": {
"priority": 8,
"look_distance": 7,
"probability": 0.02
},
"minecraft:behavior.random_look_around": {
"priority": 9
},
"minecraft:behavior.hurt_by_target": {
"priority": 1
},
"minecraft:behavior.nearest_attackable_target": {
"priority": 2,
"within_radius": 25,
"reselect_targets": true,
"entity_types": [
{
"filters": {
"test": "is_family",
"subject": "other",
"value": "player"
},
"max_dist": 32
}
],
"must_see": true
},
"minecraft:physics": {},
"minecraft:pushable": {
"is_pushable": true,
"is_pushable_by_piston": true
}
},
"events": {
"minecraft:entity_spawned": {
"randomize": [
{
"weight": 380,
"remove": {},
"add": {
"component_groups": [
"minecraft:zombie_adult"
]
}
},
{
"weight": 17,
"remove": {
},
"add": {
"component_groups": [
"minecraft:zombie_baby"
]
}
}
]
},
"minecraft:as_adult": {
"add": {
"component_groups": [
"minecraft:zombie_adult"
]
}
},
"minecraft:as_baby": {
"add": {
"component_groups": [
"minecraft:zombie_baby"
]
}
}
}
}
}