{
	"format_version": "1.8.0",
	"animations": {
		"animation.remnant.move": {
			"animation_length": 0.92,
			"bones": {
				"tentacleA1": {
					"rotation": {
						"0.0": [5, 0, -10],
						"0.2333": [15, 0, -25],
						"0.4333": [5, 0, -15],
						"0.6333": [5, 0, -10]
					}
				},
				"tentacleA2": {
					"rotation": {
						"0.0": [-5, 0, 5],
						"0.2333": [-30, 0, 10],
						"0.4333": [-5, 0, 5],
						"0.6333": [0, 0, 0]
					}
				},
				"tentacleA3": {
					"rotation": {
						"0.0": [-10, 0, 0],
						"0.2": [-20, 0, 0],
						"0.4333": [0, 0, 0],
						"0.6333": [-10, 0, 0]
					}
				},
				"tentacleA4": {
					"rotation": {
						"0.0": [10, 0, 0],
						"0.2": [20, 0, 0],
						"0.4333": [0, 0, 0],
						"0.6333": [10, 0, 0]
					}
				},
				"arm1": {
					"rotation": {
						"0.0": [0, 0, 0],
						"0.2833": [-30, 0, 0],
						"0.5667": [25, 0, 0],
						"0.8333": [0, 0, 0]
					}
				},
				"tentaclel": {
					"rotation": {
						"0.0": [0, 0, 0],
						"0.2": [0, -25, 0],
						"0.4": [0, 0, 0],
						"0.6": [0, 25, 0],
						"0.8": [0, 0, 0]
					}
				},
				"tentaclel2": {
					"rotation": {
						"0.0": [0, 0, 0],
						"0.2333": [0, -25, 0],
						"0.4333": [0, 0, 0],
						"0.6333": [0, 25, 0],
						"0.8333": [0, 0, 0]
					}
				},
				"tentaclel3": {
					"rotation": {
						"0.0": [0, 0, 0],
						"0.2333": [0, 25, 0],
						"0.4833": [0, 0, 0],
						"0.6833": [0, -20, 0],
						"0.8833": [0, 0, 0]
					}
				},
				"tentaclel4": {
					"rotation": {
						"0.0": [0, 0, 0],
						"0.1667": [0, 0, 0],
						"0.3667": [0, -15, 0],
						"0.5667": [0, 0, 0],
						"0.7667": [0, 10, 0],
						"0.8833": [0, 0, 0]
					}
				}
			}
		},
		"animation.remnant.attack": {
			"animation_length": 0.52,
			"bones": {
				"arm1": {
					"rotation": {
						"0.0": [0, 0, 0],
						"0.2": [-65, 0, -20],
						"0.4333": [0, 0, 0]
					}
				}
			}
		}
	}
}