{
	"format_version": "1.8.0",
	"animations": {
		"animation.summoned.move": {
			"animation_length": 0.84,
			"bones": {
				"tentacleL1": {
					"rotation": {
						"0.0": [0, 0, 0],
						"0.2": [-25, 0, 20],
						"0.4333": [0, 0, 0],
						"0.6": [20, 0, 25],
						"0.7667": [0, 0, 0]
					}
				},
				"tentacleL2": {
					"rotation": {
						"0.0": [0, 0, 0],
						"0.2": [-40, 0, 0],
						"0.4": [0, 0, 0],
						"0.5667": [30, 0, 0],
						"0.7167": [0, 0, 0]
					}
				},
				"tentacleL3": {
					"rotation": {
						"0.0": [0, 0, 0],
						"0.1667": [-45, 0, -25],
						"0.3667": [0, 0, 0],
						"0.5167": [30, 0, 0],
						"0.6833": [0, 0, 0]
					}
				},
				"tentacleL4": {
					"rotation": {
						"0.0": [0, 0, 0],
						"0.2": [-35, 0, -35],
						"0.3667": [0, 0, 0],
						"0.5167": [10, 0, -30],
						"0.6833": [0, 0, 0]
					}
				},
				"tentacleL5": {
					"rotation": {
						"0.0": [0, 0, 0],
						"0.1167": [-10, 0, 0],
						"0.2833": [20, 0, -10],
						"0.4333": [35, 0, -35],
						"0.6": [0, 0, 0]
					}
				},
				"tentacleL6": {
					"rotation": {
						"0.0": [0, 0, 0],
						"0.1667": [30, 0, 20],
						"0.3667": [0, 0, 0],
						"0.5167": [50, 0, -20],
						"0.6833": [0, 0, 0]
					}
				},
				"tentacleL7": {
					"rotation": {
						"0.0": [0, 0, 0],
						"0.1167": [-15, 0, 0],
						"0.2833": [15, 0, 10],
						"0.4333": [0, 0, 0],
						"0.5667": [40, 0, 0],
						"0.6833": [0, 0, 0]
					}
				},
				"tentacleL8": {
					"rotation": {
						"0.0": [0, 0, 0],
						"0.2": [20, 0, 20],
						"0.4": [0, 0, 0],
						"0.6": [35, 0, 5],
						"0.7667": [0, 0, 0]
					}
				},
				"arml": {
					"rotation": {
						"0.0": [0, 0, 0],
						"0.1667": [-25, 0, 0],
						"0.3167": [0, 0, 0],
						"0.4833": [20, 0, 0],
						"0.6333": [0, 0, 0]
					}
				},
				"arm": {
					"rotation": {
						"0.0": [0, 0, 0],
						"0.1667": [-40, 0, 0],
						"0.3167": [0, 0, 0],
						"0.4833": [35, 0, 0],
						"0.6333": [0, 0, 0]
					}
				},
				"tentaclearm": {
					"rotation": {
						"0.0": [0, 0, 0],
						"0.2": [0, 0, -25],
						"0.4": [15, 0, -10],
						"0.6": [0, 0, 0]
					}
				},
				"tentaclearm2": {
					"rotation": {
						"0.0": [0, 0, 0],
						"0.2333": [15, 0, -30],
						"0.4833": [0, 0, 0]
					}
				},
				"tentaclearm3": {
					"rotation": {
						"0.0": [0, 0, 0],
						"0.2": [-30, 0, 0],
						"0.4": [20, 0, 0],
						"0.6": [0, 0, 0]
					}
				}
			}
		},
		"animation.summoned.attack": {
			"animation_length": 0.6,
			"bones": {
				"arml": {
					"rotation": {
						"0.0": [0, 0, 0],
						"0.2333": [-25, 0, 0],
						"0.4833": [0, 0, 0]
					}
				},
				"arm": {
					"rotation": {
						"0.0": [0, 0, 0],
						"0.2333": [-55, 0, -20],
						"0.4833": [0, 0, 0]
					}
				}
			}
		}
	}
}