{
    "mob.abyssal_zombie.attack": {
        "category": "neutral",
        "sounds": [
            {
                "name": "sounds/zombies/mob/hurt1",
                "volume": 0.2
            },
            {
                "name": "sounds/zombies/mob/hurt3",
                "volume": 0.2
            },
            {
                "name": "sonds/zombies/mob/hurt2"
            }
        ]
    },
    "mob.abyssal_zombie.death": {
        "category": "neutral",
        "sounds": [
            {
                "name": "sounds/zombies/mob/death",
                "volume": 0.25
            }
        ]
    },
    "mob.abyssal_zombie.idle": {
        "category": "neutral",
        "sounds": [
            {
                "name": "sounds/zombies/mob/idle1",
                "volume": 0.25
            },
            {
                "name": "sounds/zombies/mob/idle2",
                "volume": 0.2
            },
            {
                "name": "sonds/zombies/mob/idle4"
            }
        ]
    },
    "mob.abyssal_golem.attack": {
        "category": "neutral",
        "sounds": [
            {
                "name": "sounds/golem/mob/hit2",
                "volume": 0.2
            },
            {
                "name": "sounds/golem/mob/hit1",
                "volume": 0.2
            }
        ]
    },
    "mob.abyssal_golem.death": {
        "category": "neutral",
        "sounds": [
            {
                "name": "sounds/golem/mob/death",
                "volume": 0.2
            }
        ]
    },
        "mob.snake.say": {
        "category": "neutral",
        "sounds": [
            {
                "name": "sounds/snake/say1",
                "volume": 1.1
            },
            {
                "name": "sounds/snake/say2",
                "volume": 10.94
            }
        ]
    }, 
    "mob.shadow_creature.death": {
        "category": "neutral",
        "sounds": [
            {
                "name": "sounds/shadow/mob/death",
                "volume": 0.4
            }
        ]
    },
    "mob.shadow_creature.attack": {
        "category": "neutral",
        "sounds": [
            {
                "name": "sounds/shadow/mob/hurt2",
                "volume": 0.4
            },
            {
                "name": "sounds/shadow/mob/hurt1",
                "volume": 0.4
            }
        ]
    }, 
    "mob.summoned.death": {
        "category": "neutral",
        "sounds": [
            {
                "name": "sounds/mob/blaze/death",
                "volume": 0.5
            }
        ]
    },
    "mob.summoned.idle": {
        "category": "neutral",
        "sounds": [
            {
                "name": "sounds/mob/blaze/breathe2",
                "volume": 0.5
            },
            {
                "name": "sounds/mob/blaze/breathe3",
                "volume": 0.5
            }
        ]
    },
    "mob.summoned.attack": {
        "category": "neutral",
        "sounds": [
            {
                "name": "sounds/mob/blaze/hit1",
                "volume": 0.5
            },
            {
                "name": "sounds/mob/blaze/hit2",
                "volume": 0.5
            }
        ]
    },
      "mob.remnant.attack": {
        "category": "neutral",
        "sounds": [
            {
                "name": "sounds/mob/remnant/scream",
                "volume": 0.5
            }
        ]
    },
     "mob.remnant.idle": {
        "category": "neutral",
        "sounds": [   
            {
                "name": "sounds/mob/remnant/scream",
                "volume": 0.5
            }
        ]
    },
    "mob.remnant.death": {
        "category": "neutral",
        "sounds": [   
            {
                "name": "sounds/mob/remnant/yes",
                "volume": 0.5
            }
        ]
    }
}