{
	"format_version": "1.10.0",
	"geometry.depth_ghoul": {
		"texturewidth": 128,
		"textureheight": 64,
		"visible_bounds_width": 3,
		"visible_bounds_height": 4,
		"visible_bounds_offset": [0, 0, 0],
		"bones": [
			{
				"name": "leg1",
				"pivot": [-3, 18, 3],
				"cubes": [
					{"origin": [-6, 0, 0], "size": [6, 18, 6], "uv": [22, 40]}
				]
			},
			{
				"name": "leg2",
				"pivot": [3, 18, 3],
				"cubes": [
					{"origin": [0, 0, 0], "size": [6, 18, 6], "uv": [22, 40]}
				]
			},
			{
				"name": "neck",
				"pivot": [0, 37, 2],
				"rotation": [10, 0, 0],
				"cubes": [
					{"origin": [-2.5, 35.5, -0.5], "size": [5, 6, 6], "uv": [0, 42]},
					{"origin": [-4.5, 41, -3.5], "size": [9, 1, 9], "uv": [36, 0]},
					{"origin": [-4.5, 42.11519, -3.17365], "size": [1, 2, 1], "uv": [48, 11], "mirror": true},
					{"origin": [-2.5, 42.11519, -3.17365], "size": [1, 2, 1], "uv": [48, 11], "mirror": true},
					{"origin": [-0.5, 42.11519, -3.17365], "size": [1, 2, 1], "uv": [48, 11], "mirror": true},
					{"origin": [1.5, 42.11519, -3.17365], "size": [1, 2, 1], "uv": [48, 11], "mirror": true},
					{"origin": [3.5, 42.11519, -3.17365], "size": [1, 2, 1], "uv": [48, 11], "mirror": true}
				]
			},
			{
				"name": "body",
				"pivot": [0, 0, 0],
				"cubes": [
					{"origin": [-6, 18, 0], "size": [12, 2, 6], "uv": [80, 14]},
					{"origin": [-2.5, 20, 0], "size": [5, 16, 6], "uv": [0, 42]},
					{"origin": [2.5, 24, 1.5], "size": [3, 2, 2], "uv": [101, 47], "mirror": true},
					{"origin": [-5.5, 24, 1.5], "size": [3, 2, 2], "uv": [101, 47], "mirror": true},
					{"origin": [-5.5, 27, 1.5], "size": [3, 2, 2], "uv": [101, 47], "mirror": true},
					{"origin": [2.5, 27, 1.5], "size": [3, 2, 2], "uv": [101, 47], "mirror": true},
					{"origin": [2.5, 30, 1.5], "size": [3, 2, 2], "uv": [101, 47], "mirror": true},
					{"origin": [-5.5, 30, 1.5], "size": [3, 2, 2], "uv": [101, 47], "mirror": true},
					{"origin": [-6, 20, 6.01], "size": [12, 15, 0], "uv": [26, 17]},
					{"origin": [2, 33, 1], "size": [7, 4, 4], "uv": [76, 28], "mirror": true},
					{"origin": [-9, 33, 1], "size": [7, 4, 4], "uv": [98, 28], "mirror": true},
					{"origin": [6, 20, 0], "size": [0, 15, 6], "uv": [42, 12]},
					{"origin": [-6, 20, 0], "size": [0, 15, 6], "uv": [30, 12], "mirror": true}
				]
			},
			{
				"name": "fingers",
				"pivot": [-11, 29, -13],
				"rotation": [85, 0, 0],
				"cubes": [
					{"origin": [9.5, 27.09477, -10.32949], "size": [1, 5, 1], "uv": [110, 57]},
					{"origin": [11.5, 27.09477, -10.32949], "size": [1, 5, 1], "uv": [110, 57]},
					{"origin": [13, 27, -11.5], "size": [1, 5, 1], "uv": [110, 57]},
					{"origin": [8, 27, -11.5], "size": [1, 5, 1], "uv": [110, 57]},
					{"origin": [-14, 27, -11.5], "size": [1, 5, 1], "uv": [110, 57]},
					{"origin": [-9, 27, -11.5], "size": [1, 5, 1], "uv": [110, 57]},
					{"origin": [-10.5, 27.09477, -10.32949], "size": [1, 5, 1], "uv": [110, 57]},
					{"origin": [-12.5, 27.09477, -10.32949], "size": [1, 5, 1], "uv": [110, 57]}
				]
			},
			{
				"name": "head",
				"pivot": [0, 40, 0],
				"rotation": [-5, 0, 0],
				"cubes": [
					{"origin": [-4.5, 43, -4.5], "size": [9, 9, 9], "uv": [0, 0], "mirror": true}
				]
			},
			{
				"name": "arm1",
				"pivot": [9, 37, 5],
				"rotation": [-55, 0, 0],
				"cubes": [
					{"origin": [9, 23, 3], "size": [4, 12, 4], "uv": [46, 48]}
				]
			},
			{
				"name": "arm2",
				"pivot": [-9, 37, 4],
				"rotation": [-55, 0, 0],
				"cubes": [
					{"origin": [-13, 24.5, 3], "size": [4, 12, 4], "uv": [46, 48], "mirror": true}
				]
			},
			{
				"name": "arm3",
				"pivot": [-11, 30, -7],
				"rotation": [-95, 0, 0],
				"cubes": [
					{"origin": [-13, 24.5, -8.5], "size": [4, 8, 4], "uv": [64, 52]}
				]
			},
			{
				"name": "arm4",
				"pivot": [11, 30, -7],
				"rotation": [-95, 0, 0],
				"cubes": [
					{"origin": [9, 24.5, -8.5], "size": [4, 8, 4], "uv": [64, 52]}
				]
			}
		]
	}
}