{
	"format_version": "1.10.0",
	"geometry.shadow_creature": {
		"texturewidth": 32,
		"textureheight": 32,
		"visible_bounds_width": 2,
		"visible_bounds_height": 1,
		"visible_bounds_offset": [0, 0, 0],
		"bones": [
			{
				"name": "Head",
				"pivot": [0, 0, 0],
				"cubes": [
					{"origin": [-3, 8.5, -6.5], "size": [5, 5, 5], "uv": [0, 0], "mirror": true}
				]
			},
			{
				"name": "Body",
				"pivot": [0, 0, 0],
				"cubes": [
					{"origin": [-2, 6, -4], "size": [3, 3, 7], "uv": [12, 22], "mirror": true}
				]
			},
			{
				"name": "bones",
				"pivot": [0, 1, -3],
				"rotation": [-15, 0, 0],
				"cubes": [
					{"origin": [-1.5, 8, 0.12252], "size": [2, 2, 5], "uv": [18, 15], "mirror": true},
					{"origin": [-4.4, 8.44118, 1.46593], "size": [3, 1, 1], "uv": [23, 7], "mirror": true},
					{"origin": [0.5, 8.44118, 1.46593], "size": [3, 1, 1], "uv": [23, 7], "mirror": true},
					{"origin": [-4.4, 8.44118, 3.6566], "size": [3, 1, 1], "uv": [23, 7], "mirror": true},
					{"origin": [0.5, 8.44118, 3.6566], "size": [3, 1, 1], "uv": [23, 7], "mirror": true}
				]
			},
			{
				"name": "bones2",
				"pivot": [0, 9, 3],
				"rotation": [75, 0, 0],
				"cubes": [
					{"origin": [-1, 7, 2.27526], "size": [1, 1, 2], "uv": [26, 12]},
					{"origin": [-1, 4.9, 2.3], "size": [1, 1, 2], "uv": [26, 12]}
				]
			},
			{
				"name": "arm1",
				"pivot": [0, 8, -3],
				"cubes": [
					{"origin": [-4, 7, -4], "size": [2, 1, 1], "uv": [11, 19]},
					{"origin": [-5, 7, -8], "size": [1, 1, 5], "uv": [0, 22], "mirror": true}
				]
			},
			{
				"name": "arm2",
				"pivot": [0, 8, -3],
				"cubes": [
					{"origin": [1, 7, -4], "size": [2, 1, 1], "uv": [11, 19]},
					{"origin": [3, 7, -8], "size": [1, 1, 5], "uv": [0, 22], "mirror": true}
				]
			}
		]
	}
}