{
    "format_version" : "1.8.0",
    "animation_controllers" : {
        "controller.animation.remnant.move": {
      "states": {
        "default": {
          "animations": [
            {
              "moving": "query.modified_move_speed"
            }
          ]
        }
      }
    },
        "controller.animation.remnant.attack": {
      "states": {
        "default": {
          "transitions": [
            {
              "attack": "variable.attack>0"
            }
          ],
          "blend_transition": 0.2
        },
        "attack": {
          "animations": [
            "attacking"
          ],
          "transitions": [
            {
              "default": "query.all_animations_finished"
            }
          ],
          "blend_transition": 0.2
        }
      }
    }
  }
}
