{
  "format_version": "1.10.0",
  "minecraft:client_entity": {
    "description": {
      "identifier": "abyss:remnant",
      "materials": {
        "default": "abyss"
      },
      "textures": {
        "default": "textures/entity/remnant/remnant"
      },
      "geometry": {
        "default": "geometry.remnant"
      },
      "animations": {
        "moving": "animation.remnant.move",  
        "attacking": "animation.remnant.attack",
        "look_at_target": "animation.common.look_at_target",

        "move": "controller.animation.remnant.move",
        "attack": "controller.animation.remnant.attack"
      },
      "scripts": {
        "animate": [
          "move", "attack"
        ],
        "pre_animation": [
          "variable.attack = Math.sin(variable.attack_time * 92);"
        ]
      },
      "render_controllers": [ "controller.render.remnant" ],
       "spawn_egg": {
        "overlay_color": "#12800",
        "base_color": "#101013"
      }
    }
  }
}