{
  "format_version": "1.10.0",
  "minecraft:client_entity": {
    "description": {
      "identifier": "abyss:shadow_creature",
      "materials": {
        "default": "abyss"
      },
      "textures": {
        "default": "textures/entity/shadow/ShadowCreature"
      },
      "geometry": {
        "default": "geometry.shadow_creature"
      },
      "animations": {
        "moving": "animation.shadow_creature.move",  
        "look_at_target": "animation.common.look_at_target",

        "move": "controller.animation.shadow_creature.move",
      },
      "scripts": {
        "animate": [
          "move",
        ],
        "pre_animation": [
          "variable.attack = Math.sin(variable.attack_time * 92);"
        ]
      },
      "render_controllers": [ "controller.render.shadow_creature" ],
       "spawn_egg": {
        "overlay_color": "#12800",
        "base_color": "#101013"
    }
  }
}
}