{
  "format_version": "1.10.0",
  "minecraft:client_entity": {
    "description": {
      "identifier": "abyss:summoned",
      "materials": {
        "default": "abyss"
      },
      "textures": {
        "default": "textures/entity/boss/gatekeeperminion"
      },
      "geometry": {
        "default": "geometry.summoned"
      },
      "animations": {
        "moving": "animation.summoned.move",  
        "attacking": "animation.summoned.attack",
        "look_at_target": "animation.common.look_at_target",

        "move": "controller.animation.summoned.move",
        "attack": "controller.animation.summoned.attack"
      },
      "scripts": {
        "animate": [
          "move", "attack"
        ],
        "pre_animation": [
          "variable.attack = Math.sin(variable.attack_time * 6);"
        ]
      },
      "render_controllers": [ "controller.render.summoned" ],
      }
    }
  }